region,category,avg_views
GB,Music,801610.9589041095
GB,Entertainment,648219.4605263158
GB,Gaming,582418.061728395
GB,Sports,424483.7966101695
GB,News & Politics,186554.1489361702
GB,Education,146645.86666666667
IN,Music,759714.4457831326
IN,Entertainment,631008.8453608247
IN,Gaming,525070.75
IN,Sports,406370.85714285716
IN,News & Politics,207109.56944444444
IN,Education,153465.29411764705
US,Music,791846.6818181818
US,Entertainment,606205.6052631579
US,Gaming,492769.12727272726
US,Sports,425845.375
US,News & Politics,231274.20754716982
US,Education,158647.70588235295
