region,video_id,title,like_rate
GB,vid_GB_0103,Quick News & Politics mix best,0.07977178907106373
GB,vid_GB_0050,Behind Education highlights worst,0.07876128679669504
GB,vid_GB_0055,Live Education news wow,0.07788344456603832
GB,vid_GB_0001,Behind Gaming mix cool,0.07720588235294118
GB,vid_GB_0098,New Sports moments amazing,0.07702699113197309
GB,vid_GB_0084,Epic Education mix amazing,0.07649757534666901
GB,vid_GB_0005,Crazy Education guide love,0.07552293201242204
GB,vid_GB_0111,Epic Music moments bad,0.07522457973158292
GB,vid_GB_0064,Epic News & Politics review cool,0.07431507972230585
GB,vid_GB_0062,Epic News & Politics highlights cool,0.07425853804673457
GB,vid_GB_0099,Quick Education review love,0.07306043720531505
GB,vid_GB_0066,Live Education mix ugly,0.07221945492065751
GB,vid_GB_0018,Crazy News & Politics guide fantastic,0.07219539430508076
GB,vid_GB_0016,Live Sports mix wow,0.07135200062603533
GB,vid_GB_0010,Crazy Education review terrible,0.07076183671827184
GB,vid_GB_0072,Crazy Gaming news bad,0.06989502907387432
GB,vid_GB_0037,Epic Sports update bad,0.06917306247010864
GB,vid_GB_0039,Ultimate News & Politics guide cool,0.06893858276689752
GB,vid_GB_0025,Top Music update best,0.06822681178840352
GB,vid_GB_0089,Quick Gaming review fantastic,0.0677282419537864
GB,vid_GB_0014,New Education news boring,0.0675350620769765
GB,vid_GB_0046,Behind Gaming guide terrible,0.06746340071552424
GB,vid_GB_0041,Top Entertainment guide boring,0.06740979214297745
GB,vid_GB_0058,Top Education highlights meh,0.06544591496557946
GB,vid_GB_0000,Epic News & Politics highlights fantastic,0.0652479038998321
GB,vid_GB_0119,Quick Gaming update boring,0.06431067578874834
GB,vid_GB_0059,Crazy Music guide ugly,0.06388840846107126
GB,vid_GB_0102,Top Entertainment mix fail,0.06366202440105441
GB,vid_GB_0033,Live Entertainment news great,0.06361087586118098
GB,vid_GB_0020,New Sports update cool,0.06334725955358188
